ID,Level,ClassID,ContentSetID,BaseMana,Field_1_60_1_69876_005,Field_1_60_1_69876_006,CritPerAgility,SpellCritPerIntellect
1,1,1,0,0,10,1,0.00249999994,0
2,2,1,0,0,10,2,0.00238099997,0
3,3,1,0,0,10,3,0.00238099997,0
4,4,1,0,0,10,4,0.00227300008,0
5,5,1,0,0,10,5,0.00217400002,0
6,6,1,0,0,10,6,0.00208300003,0
7,7,1,0,0,10,7,0.00208300003,0
8,8,1,0,0,10,9,0.00200000009,0
9,9,1,0,0,10,11,0.00192299997,0
10,10,1,0,0,10,13,0.00192299997,0
11,11,1,0,0,10,18,0.00185200002,0
12,12,1,0,0,10,24,0.00178599998,0
13,13,1,0,0,10,29,0.001667,0
14,14,1,0,0,10,35,0.00161299994,0
15,15,1,0,0,10,40,0.00156300003,0
16,16,1,0,0,10,46,0.00151500001,0
17,17,1,0,0,10,51,0.00147100003,0
18,18,1,0,0,10,57,0.00138899998,0
19,19,1,0,0,10,62,0.00135100004,0
20,20,1,0,0,10,68,0.00128199998,0
21,21,1,0,0,10,73,0.00128199998,0
22,22,1,0,0,10,79,0.00124999997,0
23,23,1,0,0,10,84,0.00118999998,0
24,24,1,0,0,10,90,0.00116300001,0
25,25,1,0,0,10,95,0.00111099996,0
26,26,1,0,0,10,101,0.00108700001,0
27,27,1,0,0,10,106,0.00106399995,0
28,28,1,0,0,10,112,0.00101999997,0
29,29,1,0,0,10,117,0.00100000005,0
30,30,1,0,0,10,123,0.00096199999,0
31,31,1,0,0,10,128,0.00094300002,0
32,32,1,0,0,10,134,0.00092600001,0
33,33,1,0,0,10,139,0.00089299999,0
34,34,1,0,0,10,145,0.00087699998,0
35,35,1,0,0,10,150,0.00084699999,0
36,36,1,0,0,10,156,0.000833,0
37,37,1,0,0,10,161,0.00082000002,0
38,38,1,0,0,10,167,0.00079399999,0
39,39,1,0,0,10,172,0.00078100001,0
40,40,1,0,0,10,178,0.00075800001,0
41,41,1,0,0,10,183,0.00073500001,0
42,42,1,0,0,10,188,0.00072499999,0
43,43,1,0,0,10,194,0.00070400001,0
44,44,1,0,0,10,199,0.00069399999,0
45,45,1,0,0,10,205,0.00067600003,0
46,46,1,0,0,10,210,0.00066700001,0
47,47,1,0,0,10,216,0.00064899999,0
48,48,1,0,0,10,221,0.00063299999,0
49,49,1,0,0,10,227,0.00062499999,0
50,50,1,0,0,10,232,0.00060999999,0
51,51,1,0,0,10,238,0.00059499999,0
52,52,1,0,0,10,243,0.000588,0
53,53,1,0,0,10,249,0.00057500001,0
54,54,1,0,0,10,254,0.00056199997,0
55,55,1,0,0,10,260,0.00054899999,0
56,56,1,0,0,10,265,0.000543,0
57,57,1,0,0,10,271,0.00053199998,0
58,58,1,0,0,10,276,0.00052100001,0
59,59,1,0,0,10,282,0.00050999998,0
60,60,1,0,0,10,287,0.00050000002,0
61,61,1,0,0,10,293,0.00049499999,0
62,62,1,0,0,10,298,0.000485,0
63,63,1,0,0,10,304,0.00047599999,0
64,64,1,0,0,10,309,0.00046700001,0
65,65,1,0,0,10,315,0.000455,0
66,66,1,0,0,10,320,0.00044999999,0
67,67,1,0,0,10,326,0.00044199999,0
68,68,1,0,0,10,331,0.00043499999,0
69,69,1,0,0,10,337,0.00042699999,0
70,70,1,0,0,10,342,0.000417,0
71,71,1,0,0,10,365,0.000413,0
72,72,1,0,0,10,388,0.00040700001,0
73,73,1,0,0,10,411,0.000397,0
74,74,1,0,0,10,434,0.000394,0
75,75,1,0,0,10,457,0.00038499999,0
76,76,1,0,0,10,480,0.000379,0
77,77,1,0,0,10,503,0.00037299999,0
78,78,1,0,0,10,526,0.00036800001,0
79,79,1,0,0,10,549,0.00036199999,0
80,80,1,0,0,10,571,0.000355,0
81,81,1,0,0,10,571,0.00034999999,0
82,82,1,0,0,10,571,0.00034500001,0
83,83,1,0,0,10,571,0.00033800001,0
84,84,1,0,0,10,571,0.000333,0
85,85,1,0,0,10,571,0.00032699999,0
86,86,1,0,0,10,571,0.00032299999,0
87,87,1,0,0,10,571,0.00031800001,0
88,88,1,0,0,10,571,0.000313,0
89,89,1,0,0,10,571,0.000309,0
90,90,1,0,0,10,571,0.00030300001,0
91,91,1,0,0,10,571,0.00029900001,0
92,92,1,0,0,10,571,0.000294,0
93,93,1,0,0,10,571,0.00028899999,0
94,94,1,0,0,10,571,0.00028599999,0
95,95,1,0,0,10,571,0.00028099999,0
96,96,1,0,0,10,571,0.00027600001,0
97,97,1,0,0,10,571,0.00027300001,0
98,98,1,0,0,10,571,0.00026900001,0
99,99,1,0,0,10,571,0.00026500001,0
100,100,1,0,0,10,571,0.00026,0
101,101,1,0,0,10,571,0.00026,0
102,102,1,0,0,10,571,0.00026,0
103,103,1,0,0,10,571,0.00026,0
104,104,1,0,0,10,571,0.00026,0
105,105,1,0,0,10,571,0.00026,0
106,106,1,0,0,10,571,0.00026,0
107,107,1,0,0,10,571,0.00026,0
108,108,1,0,0,10,571,0.00026,0
109,109,1,0,0,10,571,0.00026,0
110,110,1,0,0,10,571,0.00026,0
111,111,1,0,0,10,571,0.00026,0
112,112,1,0,0,10,571,0.00026,0
113,113,1,0,0,10,571,0.00026,0
114,114,1,0,0,10,571,0.00026,0
115,115,1,0,0,10,571,0.00026,0
116,116,1,0,0,10,571,0.00026,0
117,117,1,0,0,10,571,0.00026,0
118,118,1,0,0,10,571,0.00026,0
119,119,1,0,0,10,571,0.00026,0
120,120,1,0,0,10,571,0.00026,0
121,121,1,0,0,10,571,0.00026,0
122,122,1,0,0,10,571,0.00026,0
123,123,1,0,0,10,571,0.00026,0
124,1,2,0,60,10,1,0.00215000007,0.00075000001
125,2,2,0,64,10,2,0.00204799999,0.00071400002
126,3,2,0,84,10,3,0.00204799999,0.00071400002
127,4,2,0,90,10,4,0.00195499999,0.00068200001
128,5,2,0,112,10,5,0.00195499999,0.00068200001
129,6,2,0,120,10,6,0.00187000004,0.00065200002
130,7,2,0,129,10,7,0.00187000004,0.00062499999
131,8,2,0,154,10,9,0.00179200002,0.00062499999
132,9,2,0,165,10,11,0.00179200002,0.00060000003
133,10,2,0,192,10,13,0.00171999994,0.00060000003
134,11,2,0,205,10,18,0.00171999994,0.00057700003
135,12,2,0,219,10,24,0.00165400002,0.00055599998
136,13,2,0,249,10,29,0.00153600005,0.00053600001
137,14,2,0,265,10,35,0.00153600005,0.00051699998
138,15,2,0,282,10,40,0.00143299997,0.00048399999
139,16,2,0,315,10,46,0.00143299997,0.00048399999
140,17,2,0,334,10,51,0.00138699997,0.00046899999
141,18,2,0,354,10,57,0.00130300003,0.00044100001
142,19,2,0,390,10,62,0.00130300003,0.00044100001
143,20,2,0,412,10,68,0.00122900004,0.000417
144,21,2,0,435,10,73,0.00119400001,0.000405
145,22,2,0,459,10,79,0.00119400001,0.00039500001
146,23,2,0,499,10,84,0.001132,0.00038499999
147,24,2,0,525,10,90,0.00110300002,0.000375
148,25,2,0,552,10,95,0.00107500004,0.00035700001
149,26,2,0,579,10,101,0.00104899995,0.00034900001
150,27,2,0,621,10,106,0.001024,0.00034900001
151,28,2,0,648,10,112,0.00100000005,0.000333
152,29,2,0,675,10,117,0.00097699999,0.00032600001
153,30,2,0,702,10,123,0.00093500002,0.000313
154,31,2,0,729,10,128,0.00091499998,0.000306
155,32,2,0,756,10,134,0.00091499998,0.00030000001
156,33,2,0,798,10,139,0.00087799999,0.000294
157,34,2,0,825,10,145,0.00085999997,0.00028800001
158,35,2,0,852,10,150,0.00082700001,0.00027799999
159,36,2,0,879,10,156,0.00081100001,0.00027300001
160,37,2,0,906,10,161,0.00081100001,0.000268
161,38,2,0,933,10,167,0.00078200002,0.00025899999
162,39,2,0,960,10,172,0.00076800003,0.00025400001
163,40,2,0,987,10,178,0.000741,0.00024600001
164,41,2,0,1014,10,183,0.00072900002,0.00024199999
165,42,2,0,1041,10,188,0.00072900002,0.00023799999
166,43,2,0,1068,10,194,0.00070500001,0.000231
167,44,2,0,1110,10,199,0.00069399999,0.000231
168,45,2,0,1137,10,205,0.00067199999,0.000224
169,46,2,0,1164,10,210,0.00066199998,0.00022099999
170,47,2,0,1176,10,216,0.00065200002,0.000214
171,48,2,0,1203,10,221,0.00063199998,0.000208
172,49,2,0,1230,10,227,0.00062300003,0.000205
173,50,2,0,1257,10,232,0.00060600002,0.00019999999
174,51,2,0,1284,10,238,0.00059700001,0.000197
175,52,2,0,1311,10,243,0.000589,0.000195
176,53,2,0,1338,10,249,0.000573,0.00019000001
177,54,2,0,1365,10,254,0.000566,0.00018800001
178,55,2,0,1392,10,260,0.000551,0.000183
179,56,2,0,1419,10,265,0.00054400001,0.000181
180,57,2,0,1446,10,271,0.00053800002,0.000179
181,58,2,0,1458,10,276,0.00052399997,0.000172
182,59,2,0,1485,10,282,0.00051799999,0.00017
183,60,2,0,1512,10,287,0.00050600001,0.00016700001
184,61,2,0,1539,10,293,0.00050000002,0.000165
185,62,2,0,1566,10,298,0.00049399998,0.000163
186,63,2,0,1578,10,304,0.00048300001,0.000158
187,64,2,0,1605,10,309,0.000478,0.00015599999
188,65,2,0,1632,10,315,0.000462,0.000153
189,66,2,0,1644,10,320,0.00045699999,0.00015000001
190,67,2,0,1671,10,326,0.00045299999,0.000149
191,68,2,0,1698,10,331,0.000443,0.00014600001
192,69,2,0,1710,10,337,0.000439,0.000143
193,70,2,0,1737,10,342,0.00042600001,0.00014
194,71,2,0,1764,10,365,0.00042200001,0.000139
195,72,2,0,1776,10,388,0.000417,0.000136
196,73,2,0,1803,10,411,0.00041000001,0.000134
197,74,2,0,1815,10,434,0.00040200001,0.000132
198,75,2,0,1842,10,457,0.000394,0.00012899999
199,76,2,0,1854,10,480,0.00039100001,0.00012700001
200,77,2,0,1881,10,503,0.00038400001,0.000126
201,78,2,0,1893,10,526,0.00037699999,0.00012300001
202,79,2,0,1920,10,549,0.000374,0.000122
203,80,2,0,1932,10,571,0.00036400001,0.000119
204,81,2,0,1959,10,571,0.00036100001,0.000118
205,82,2,0,1971,10,571,0.000355,0.000116
206,83,2,0,1998,10,571,0.00034999999,0.000115
207,84,2,0,2010,10,571,0.000344,0.000113
208,85,2,0,2022,10,571,0.00033899999,0.00011
209,86,2,0,2049,10,571,0.000333,0.000109
210,87,2,0,2061,10,571,0.00033099999,0.000108
211,88,2,0,2073,10,571,0.00032299999,0.000106
212,89,2,0,2085,10,571,0.000321,0.000104
213,90,2,0,2112,10,571,0.000314,0.000103
214,91,2,0,2124,10,571,0.000309,0.000101
215,92,2,0,2136,10,571,0.00030700001,0.0001
216,93,2,0,2148,10,571,0.00030099999,9.8E-5
217,94,2,0,2160,10,571,0.00029699999,9.7E-5
218,95,2,0,2172,10,571,0.00029299999,9.5E-5
219,96,2,0,2184,10,571,0.00028899999,9.4E-5
220,97,2,0,2211,10,571,0.00028499999,9.3E-5
221,98,2,0,2223,10,571,0.00028099999,9.1E-5
222,99,2,0,2235,10,571,0.00027700001,9.0E-5
223,100,2,0,2247,10,571,0.000272,8.9E-5
224,101,2,0,2500000,10,571,0.000272,8.9E-5
225,102,2,0,2500000,10,571,0.000272,8.9E-5
226,103,2,0,2500000,10,571,0.000272,8.9E-5
227,104,2,0,2500000,10,571,0.000272,8.9E-5
228,105,2,0,2500000,10,571,0.000272,8.9E-5
229,106,2,0,2500000,10,571,0.000272,8.9E-5
230,107,2,0,2500000,10,571,0.000272,8.9E-5
231,108,2,0,2500000,10,571,0.000272,8.9E-5
232,109,2,0,2500000,10,571,0.000272,8.9E-5
233,110,2,0,2500000,10,571,0.000272,8.9E-5
234,111,2,0,2500000,10,571,0.000272,8.9E-5
235,112,2,0,2500000,10,571,0.000272,8.9E-5
236,113,2,0,2500000,10,571,0.000272,8.9E-5
237,114,2,0,2500000,10,571,0.000272,8.9E-5
238,115,2,0,2500000,10,571,0.000272,8.9E-5
239,116,2,0,2500000,10,571,0.000272,8.9E-5
240,117,2,0,2500000,10,571,0.000272,8.9E-5
241,118,2,0,2500000,10,571,0.000272,8.9E-5
242,119,2,0,2500000,10,571,0.000272,8.9E-5
243,120,2,0,2500000,10,571,0.000272,8.9E-5
244,121,2,0,2500000,10,571,0.000272,8.9E-5
245,122,2,0,2500000,10,571,0.000272,8.9E-5
246,123,2,0,2500000,10,571,0.000272,8.9E-5
247,1,3,0,65,10,1,0.00217400002,0.00069999998
248,2,3,0,70,10,2,0.00208300003,0.00066700001
249,3,3,0,91,10,3,0.00200000009,0.00066700001
250,4,3,0,98,10,4,0.00185200002,0.00063600001
251,5,3,0,121,10,5,0.00178599998,0.00063600001
252,6,3,0,130,10,6,0.00172399997,0.00060899998
253,7,3,0,155,10,7,0.001667,0.00060899998
254,8,3,0,166,10,9,0.00161299994,0.00058300002
255,9,3,0,193,10,11,0.00151500001,0.00058300002
256,10,3,0,206,10,13,0.00147100003,0.00056000001
257,11,3,0,235,10,18,0.00135100004,0.00056000001
258,12,3,0,250,10,24,0.00118999998,0.00053800002
259,13,3,0,266,10,29,0.00108700001,0.00050000002
260,14,3,0,298,10,35,0.00100000005,0.00050000002
261,15,3,0,316,10,40,0.00090899999,0.00046700001
262,16,3,0,350,10,46,0.00086199999,0.00046700001
263,17,3,0,370,10,51,0.00080600003,0.00045200001
264,18,3,0,391,10,57,0.00074599998,0.000424
265,19,3,0,428,10,62,0.00070400001,0.000424
266,20,3,0,451,10,68,0.000658,0.00039999999
267,21,3,0,475,10,73,0.00063299999,0.00038899999
268,22,3,0,515,10,79,0.00059499999,0.00038899999
269,23,3,0,541,10,84,0.00056800002,0.00036800001
270,24,3,0,568,10,90,0.00053800002,0.000359
271,25,3,0,611,10,95,0.00051500002,0.00034999999
272,26,3,0,640,10,101,0.00049499999,0.00034100001
273,27,3,0,670,10,106,0.00047200001,0.000333
274,28,3,0,715,10,112,0.000455,0.00032600001
275,29,3,0,745,10,117,0.00043499999,0.00031800001
276,30,3,0,775,10,123,0.000417,0.00030399999
277,31,3,0,805,10,128,0.00040700001,0.000298
278,32,3,0,850,10,134,0.00039100001,0.000298
279,33,3,0,880,10,139,0.00037600001,0.00028599999
280,34,3,0,910,10,145,0.00036500001,0.00028000001
281,35,3,0,940,10,150,0.000352,0.00026900001
282,36,3,0,970,10,156,0.00034200001,0.000264
283,37,3,0,1015,10,161,0.00033099999,0.000264
284,38,3,0,1045,10,167,0.000321,0.00025499999
285,39,3,0,1075,10,172,0.00031100001,0.00025000001
286,40,3,0,1105,10,178,0.00030300001,0.000241
287,41,3,0,1135,10,183,0.00029600001,0.000237
288,42,3,0,1180,10,188,0.000287,0.000237
289,43,3,0,1210,10,194,0.000279,0.00023000001
290,44,3,0,1240,10,199,0.000272,0.000226
291,45,3,0,1270,10,205,0.00026500001,0.00021899999
292,46,3,0,1300,10,210,0.00025899999,0.00021499999
293,47,3,0,1330,10,216,0.00025300001,0.000212
294,48,3,0,1360,10,221,0.000245,0.000206
295,49,3,0,1390,10,227,0.000239,0.000203
296,50,3,0,1420,10,232,0.00023400001,0.000197
297,51,3,0,1450,10,238,0.000229,0.00019399999
298,52,3,0,1480,10,243,0.000224,0.00019200001
299,53,3,0,1510,10,249,0.00021899999,0.000187
300,54,3,0,1540,10,254,0.000214,0.000184
301,55,3,0,1570,10,260,0.00020900001,0.000179
302,56,3,0,1600,10,265,0.000206,0.00017699999
303,57,3,0,1630,10,271,0.000201,0.00017499999
304,58,3,0,1660,10,276,0.000197,0.00017100001
305,59,3,0,1690,10,282,0.00019200001,0.00016900001
306,60,3,0,1720,10,287,0.000189,0.000165
307,61,3,0,1750,10,293,0.000186,0.000163
308,62,3,0,1780,10,298,0.000182,0.000161
309,63,3,0,1810,10,304,0.000178,0.000157
310,64,3,0,1840,10,309,0.00017499999,0.00015599999
311,65,3,0,1855,10,315,0.00017100001,0.000151
312,66,3,0,1885,10,320,0.00016900001,0.000149
313,67,3,0,1915,10,326,0.000166,0.000147
314,68,3,0,1945,10,331,0.000162,0.00014400001
315,69,3,0,1975,10,337,0.000159,0.000143
316,70,3,0,1990,10,342,0.000157,0.000139
317,71,3,0,2020,10,365,0.00015399999,0.000137
318,72,3,0,2050,10,388,0.00015199999,0.000136
319,73,3,0,2080,10,411,0.000149,0.00013299999
320,74,3,0,2095,10,434,0.00014600001,0.00013099999
321,75,3,0,2125,10,457,0.00014400001,0.000128
322,76,3,0,2155,10,480,0.000142,0.00012700001
323,77,3,0,2170,10,503,0.000139,0.00012500001
324,78,3,0,2200,10,526,0.000137,0.00012300001
325,79,3,0,2230,10,549,0.00013499999,0.000122
326,80,3,0,2245,10,571,0.00013299999,0.000119
327,81,3,0,2275,10,571,0.00013099999,0.000118
328,82,3,0,2290,10,571,0.00012899999,0.000116
329,83,3,0,2320,10,571,0.00012700001,0.000114
330,84,3,0,2335,10,571,0.000124,0.000112
331,85,3,0,2365,10,571,0.00012300001,0.00011
332,86,3,0,2380,10,571,0.000121,0.000109
333,87,3,0,2410,10,571,0.000119,0.000108
334,88,3,0,2425,10,571,0.000117,0.000105
335,89,3,0,2455,10,571,0.000115,0.000104
336,90,3,0,2470,10,571,0.000114,0.000102
337,91,3,0,2485,10,571,0.000112,0.000101
338,92,3,0,2515,10,571,0.000111,0.0001
339,93,3,0,2530,10,571,0.000109,9.8E-5
340,94,3,0,2545,10,571,0.000108,9.7E-5
341,95,3,0,2575,10,571,0.000106,9.5E-5
342,96,3,0,2590,10,571,0.000105,9.4E-5
343,97,3,0,2605,10,571,0.000103,9.3E-5
344,98,3,0,2635,10,571,0.000102,9.2E-5
345,99,3,0,2650,10,571,0.0001,9.0E-5
346,100,3,0,2665,10,571,9.9E-5,8.9E-5
347,101,3,0,2500000,10,571,9.9E-5,8.9E-5
348,102,3,0,2500000,10,571,9.9E-5,8.9E-5
349,103,3,0,2500000,10,571,9.9E-5,8.9E-5
350,104,3,0,2500000,10,571,9.9E-5,8.9E-5
351,105,3,0,2500000,10,571,9.9E-5,8.9E-5
352,106,3,0,2500000,10,571,9.9E-5,8.9E-5
353,107,3,0,2500000,10,571,9.9E-5,8.9E-5
354,108,3,0,2500000,10,571,9.9E-5,8.9E-5
355,109,3,0,2500000,10,571,9.9E-5,8.9E-5
356,110,3,0,2500000,10,571,9.9E-5,8.9E-5
357,111,3,0,2500000,10,571,9.9E-5,8.9E-5
358,112,3,0,2500000,10,571,9.9E-5,8.9E-5
359,113,3,0,2500000,10,571,9.9E-5,8.9E-5
360,114,3,0,2500000,10,571,9.9E-5,8.9E-5
361,115,3,0,2500000,10,571,9.9E-5,8.9E-5
362,116,3,0,2500000,10,571,9.9E-5,8.9E-5
363,117,3,0,2500000,10,571,9.9E-5,8.9E-5
364,118,3,0,2500000,10,571,9.9E-5,8.9E-5
365,119,3,0,2500000,10,571,9.9E-5,8.9E-5
366,120,3,0,2500000,10,571,9.9E-5,8.9E-5
367,121,3,0,2500000,10,571,9.9E-5,8.9E-5
368,122,3,0,2500000,10,571,9.9E-5,8.9E-5
369,123,3,0,2500000,10,571,9.9E-5,8.9E-5
370,1,4,0,0,10,1,0.00434800005,0
371,2,4,0,0,10,2,0.00416699983,0
372,3,4,0,0,10,3,0.00400000019,0
373,4,4,0,0,10,4,0.00370400003,0
374,5,4,0,0,10,5,0.00357099995,0
375,6,4,0,0,10,6,0.00344799994,0
376,7,4,0,0,10,7,0.00322599988,0
377,8,4,0,0,10,9,0.00312500005,0
378,9,4,0,0,10,11,0.00303000002,0
379,10,4,0,0,10,13,0.0028570001,0
380,11,4,0,0,10,18,0.00256399997,0
381,12,4,0,0,10,24,0.00232600002,0
382,13,4,0,0,10,29,0.00208300003,0
383,14,4,0,0,10,35,0.00192299997,0
384,15,4,0,0,10,40,0.00172399997,0
385,16,4,0,0,10,46,0.00161299994,0
386,17,4,0,0,10,51,0.00151500001,0
387,18,4,0,0,10,57,0.00140800001,0
388,19,4,0,0,10,62,0.00131600001,0
389,20,4,0,0,10,68,0.00123499997,0
390,21,4,0,0,10,73,0.00116300001,0
391,22,4,0,0,10,79,0.00111099996,0
392,23,4,0,0,10,84,0.00105299999,0
393,24,4,0,0,10,90,0.00101000001,0
394,25,4,0,0,10,95,0.00095199997,0
395,26,4,0,0,10,101,0.00090899999,0
396,27,4,0,0,10,106,0.00087699998,0
397,28,4,0,0,10,112,0.00083999999,0
398,29,4,0,0,10,117,0.00080600003,0
399,30,4,0,0,10,123,0.00076899998,0
400,31,4,0,0,10,128,0.00074599998,0
401,32,4,0,0,10,134,0.000719,0
402,33,4,0,0,10,139,0.00069399999,0
403,34,4,0,0,10,145,0.00067099999,0
404,35,4,0,0,10,150,0.00064500002,0
405,36,4,0,0,10,156,0.00062499999,0
406,37,4,0,0,10,161,0.00060999999,0
407,38,4,0,0,10,167,0.00059200003,0
408,39,4,0,0,10,172,0.00057500001,0
409,40,4,0,0,10,178,0.00055599998,0
410,41,4,0,0,10,183,0.00054099999,0
411,42,4,0,0,10,188,0.00052599999,0
412,43,4,0,0,10,194,0.00051300001,0
413,44,4,0,0,10,199,0.00049800001,0
414,45,4,0,0,10,205,0.00048300001,0
415,46,4,0,0,10,210,0.00047200001,0
416,47,4,0,0,10,216,0.00046099999,0
417,48,4,0,0,10,221,0.00044999999,0
418,49,4,0,0,10,227,0.00044100001,0
419,50,4,0,0,10,232,0.00042699999,0
420,51,4,0,0,10,238,0.00041800001,0
421,52,4,0,0,10,243,0.00041000001,0
422,53,4,0,0,10,249,0.00039999999,0
423,54,4,0,0,10,254,0.00039199999,0
424,55,4,0,0,10,260,0.00038300001,0
425,56,4,0,0,10,265,0.000375,0
426,57,4,0,0,10,271,0.00036800001,0
427,58,4,0,0,10,276,0.00036000001,0
428,59,4,0,0,10,282,0.00035300001,0
429,60,4,0,0,10,287,0.00034500001,0
430,61,4,0,0,10,293,0.00033800001,0
431,62,4,0,0,10,298,0.000332,0
432,63,4,0,0,10,304,0.00032600001,0
433,64,4,0,0,10,309,0.00031900001,0
434,65,4,0,0,10,315,0.000313,0
435,66,4,0,0,10,320,0.00030799999,0
436,67,4,0,0,10,326,0.000302,0
437,68,4,0,0,10,331,0.00029699999,0
438,69,4,0,0,10,337,0.00029200001,0
439,70,4,0,0,10,342,0.00028599999,0
440,71,4,0,0,10,365,0.00028099999,0
441,72,4,0,0,10,388,0.00027600001,0
442,73,4,0,0,10,411,0.000272,0
443,74,4,0,0,10,434,0.000267,0
444,75,4,0,0,10,457,0.00026199999,0
445,76,4,0,0,10,480,0.00025799999,0
446,77,4,0,0,10,503,0.00025400001,0
447,78,4,0,0,10,526,0.00025000001,0
448,79,4,0,0,10,549,0.00024600001,0
449,80,4,0,0,10,571,0.00024199999,0
450,81,4,0,0,10,571,0.00023799999,0
451,82,4,0,0,10,571,0.000235,0
452,83,4,0,0,10,571,0.000231,0
453,84,4,0,0,10,571,0.000228,0
454,85,4,0,0,10,571,0.000224,0
455,86,4,0,0,10,571,0.00022099999,0
456,87,4,0,0,10,571,0.00021699999,0
457,88,4,0,0,10,571,0.00021499999,0
458,89,4,0,0,10,571,0.00021100001,0
459,90,4,0,0,10,571,0.000208,0
460,91,4,0,0,10,571,0.000205,0
461,92,4,0,0,10,571,0.000202,0
462,93,4,0,0,10,571,0.000199,0
463,94,4,0,0,10,571,0.00019599999,0
464,95,4,0,0,10,571,0.000193,0
465,96,4,0,0,10,571,0.000191,0
466,97,4,0,0,10,571,0.00018800001,0
467,98,4,0,0,10,571,0.000186,0
468,99,4,0,0,10,571,0.000183,0
469,100,4,0,0,10,571,0.000181,0
470,101,4,0,0,10,571,0.000181,0
471,102,4,0,0,10,571,0.000181,0
472,103,4,0,0,10,571,0.000181,0
473,104,4,0,0,10,571,0.000181,0
474,105,4,0,0,10,571,0.000181,0
475,106,4,0,0,10,571,0.000181,0
476,107,4,0,0,10,571,0.000181,0
477,108,4,0,0,10,571,0.000181,0
478,109,4,0,0,10,571,0.000181,0
479,110,4,0,0,10,571,0.000181,0
480,111,4,0,0,10,571,0.000181,0
481,112,4,0,0,10,571,0.000181,0
482,113,4,0,0,10,571,0.000181,0
483,114,4,0,0,10,571,0.000181,0
484,115,4,0,0,10,571,0.000181,0
485,116,4,0,0,10,571,0.000181,0
486,117,4,0,0,10,571,0.000181,0
487,118,4,0,0,10,571,0.000181,0
488,119,4,0,0,10,571,0.000181,0
489,120,4,0,0,10,571,0.000181,0
490,121,4,0,0,10,571,0.000181,0
491,122,4,0,0,10,571,0.000181,0
492,123,4,0,0,10,571,0.000181,0
493,1,5,0,110,10,1,0.00100000005,0.00190899998
494,2,5,0,119,10,2,0.00100000005,0.00182600005
495,3,5,0,129,10,3,0.00100000005,0.00175000005
496,4,5,0,140,10,4,0.00095199997,0.00167999999
497,5,5,0,137,10,5,0.00095199997,0.00155599997
498,6,5,0,150,10,6,0.00095199997,0.00150000001
499,7,5,0,164,10,7,0.00095199997,0.00144799997
500,8,5,0,179,10,9,0.00090899999,0.00139999995
501,9,5,0,195,10,11,0.00090899999,0.00135499996
502,10,5,0,212,10,13,0.00090899999,0.00127300003
503,11,5,0,215,10,18,0.00090899999,0.00116700004
504,12,5,0,234,10,24,0.00086999999,0.00104999996
505,13,5,0,254,10,29,0.00086999999,0.00097699999
506,14,5,0,260,10,35,0.00086999999,0.00087500003
507,15,5,0,282,10,40,0.00086999999,0.00080799998
508,16,5,0,305,10,46,0.000833,0.000764
509,17,5,0,329,10,51,0.000833,0.00069999998
510,18,5,0,339,10,57,0.000833,0.00066700001
511,19,5,0,365,10,62,0.00079999998,0.000627
512,20,5,0,377,10,68,0.00079999998,0.00058300002
513,21,5,0,405,10,73,0.00079999998,0.00056000001
514,22,5,0,434,10,79,0.00079999998,0.00052499998
515,23,5,0,449,10,84,0.00076899998,0.00050600001
516,24,5,0,480,10,90,0.00076899998,0.00047699999
517,25,5,0,497,10,95,0.00076899998,0.00045699999
518,26,5,0,530,10,101,0.000741,0.00043799999
519,27,5,0,549,10,106,0.000741,0.00042
520,28,5,0,584,10,112,0.000741,0.00040399999
521,29,5,0,605,10,117,0.00071400002,0.00038899999
522,30,5,0,627,10,123,0.00071400002,0.00037200001
523,31,5,0,665,10,128,0.00071400002,0.000359
524,32,5,0,689,10,134,0.00069000002,0.00034699999
525,33,5,0,728,10,139,0.00069000002,0.000336
526,34,5,0,752,10,145,0.00069000002,0.00032299999
527,35,5,0,776,10,150,0.00066700001,0.000313
528,36,5,0,800,10,156,0.00066700001,0.00030399999
529,37,5,0,839,10,161,0.00066700001,0.000294
530,38,5,0,863,10,167,0.00064500002,0.00028599999
531,39,5,0,887,10,172,0.00064500002,0.00027799999
532,40,5,0,911,10,178,0.00064500002,0.00026900001
533,41,5,0,950,10,183,0.00062499999,0.00026299999
534,42,5,0,974,10,188,0.00062499999,0.00025499999
535,43,5,0,998,10,194,0.00060600002,0.000249
536,44,5,0,1022,10,199,0.00060600002,0.000241
537,45,5,0,1046,10,205,0.00060600002,0.000235
538,46,5,0,1070,10,210,0.000588,0.00023000001
539,47,5,0,1094,10,216,0.000588,0.000223
540,48,5,0,1118,10,221,0.00057099998,0.00021899999
541,49,5,0,1142,10,227,0.00057099998,0.00021300001
542,50,5,0,1166,10,232,0.00057099998,0.000208
543,51,5,0,1190,10,238,0.00055599998,0.000204
544,52,5,0,1214,10,243,0.00055599998,0.000199
545,53,5,0,1238,10,249,0.00054099999,0.000195
546,54,5,0,1262,10,254,0.00054099999,0.000191
547,55,5,0,1271,10,260,0.00052599999,0.000186
548,56,5,0,1295,10,265,0.00052599999,0.000183
549,57,5,0,1319,10,271,0.00051300001,0.000179
550,58,5,0,1343,10,276,0.00051300001,0.000176
551,59,5,0,1352,10,282,0.00050000002,0.00017100001
552,60,5,0,1376,10,287,0.00050000002,0.000168
553,61,5,0,1400,10,293,0.00050000002,0.000165
554,62,5,0,1409,10,298,0.00048799999,0.000162
555,63,5,0,1433,10,304,0.00048799999,0.000159
556,64,5,0,1442,10,309,0.00047599999,0.00015599999
557,65,5,0,1466,10,315,0.00046499999,0.000153
558,66,5,0,1475,10,320,0.00046499999,0.00015000001
559,67,5,0,1499,10,326,0.000455,0.000147
560,68,5,0,1508,10,331,0.000455,0.000145
561,69,5,0,1532,10,337,0.000444,0.000142
562,70,5,0,1541,10,342,0.000444,0.00014
563,71,5,0,1550,10,365,0.00043499999,0.000137
564,72,5,0,1574,10,388,0.00043499999,0.00013499999
565,73,5,0,1583,10,411,0.00042600001,0.000132
566,74,5,0,1592,10,434,0.00042600001,0.00013
567,75,5,0,1601,10,457,0.000417,0.000128
568,76,5,0,1610,10,480,0.00040799999,0.000126
569,77,5,0,1619,10,503,0.00040799999,0.000124
570,78,5,0,1628,10,526,0.00039999999,0.000122
571,79,5,0,1637,10,549,0.00039999999,0.00012
572,80,5,0,1646,10,571,0.00039199999,0.000118
573,81,5,0,1655,10,571,0.00038499999,0.000116
574,82,5,0,1664,10,571,0.00038499999,0.000114
575,83,5,0,1673,10,571,0.00037699999,0.000113
576,84,5,0,1682,10,571,0.00036999999,0.000111
577,85,5,0,1691,10,571,0.00036999999,0.000109
578,86,5,0,1685,10,571,0.00036400001,0.000108
579,87,5,0,1694,10,571,0.00035700001,0.000106
580,88,5,0,1703,10,571,0.00035700001,0.000104
581,89,5,0,1697,10,571,0.000351,0.000103
582,90,5,0,1706,10,571,0.00034500001,0.000101
583,91,5,0,1700,10,571,0.00034500001,0.0001
584,92,5,0,1709,10,571,0.00033899999,9.8E-5
585,93,5,0,1703,10,571,0.000333,9.7E-5
586,94,5,0,1712,10,571,0.00032799999,9.6E-5
587,95,5,0,1706,10,571,0.00032799999,9.4E-5
588,96,5,0,1700,10,571,0.00032299999,9.3E-5
589,97,5,0,1709,10,571,0.000317,9.2E-5
590,98,5,0,1703,10,571,0.000313,9.1E-5
591,99,5,0,1697,10,571,0.00030799999,8.9E-5
592,100,5,0,1691,10,571,0.00030799999,8.8E-5
593,101,5,0,2500000,10,571,0.00030799999,8.8E-5
594,102,5,0,2500000,10,571,0.00030799999,8.8E-5
595,103,5,0,2500000,10,571,0.00030799999,8.8E-5
596,104,5,0,2500000,10,571,0.00030799999,8.8E-5
597,105,5,0,2500000,10,571,0.00030799999,8.8E-5
598,106,5,0,2500000,10,571,0.00030799999,8.8E-5
599,107,5,0,2500000,10,571,0.00030799999,8.8E-5
600,108,5,0,2500000,10,571,0.00030799999,8.8E-5
601,109,5,0,2500000,10,571,0.00030799999,8.8E-5
602,110,5,0,2500000,10,571,0.00030799999,8.8E-5
603,111,5,0,2500000,10,571,0.00030799999,8.8E-5
604,112,5,0,2500000,10,571,0.00030799999,8.8E-5
605,113,5,0,2500000,10,571,0.00030799999,8.8E-5
606,114,5,0,2500000,10,571,0.00030799999,8.8E-5
607,115,5,0,2500000,10,571,0.00030799999,8.8E-5
608,116,5,0,2500000,10,571,0.00030799999,8.8E-5
609,117,5,0,2500000,10,571,0.00030799999,8.8E-5
610,118,5,0,2500000,10,571,0.00030799999,8.8E-5
611,119,5,0,2500000,10,571,0.00030799999,8.8E-5
612,120,5,0,2500000,10,571,0.00030799999,8.8E-5
613,121,5,0,2500000,10,571,0.00030799999,8.8E-5
614,122,5,0,2500000,10,571,0.00030799999,8.8E-5
615,123,5,0,2500000,10,571,0.00030799999,8.8E-5
739,1,7,0,55,10,1,0.00164999999,0.00128600001
740,2,7,0,61,10,2,0.00164999999,0.00122700003
741,3,7,0,68,10,3,0.00157099997,0.00117399998
742,4,7,0,91,10,4,0.00157099997,0.00117399998
743,5,7,0,100,10,5,0.00150000001,0.00112499995
744,6,7,0,110,10,6,0.00150000001,0.00107999996
745,7,7,0,121,10,7,0.00150000001,0.00103799999
746,8,7,0,133,10,9,0.00143499998,0.00100000005
747,9,7,0,161,10,11,0.00143499998,0.00096400001
748,10,7,0,175,10,13,0.00137499999,0.00096400001
749,11,7,0,190,10,18,0.00137499999,0.00089999998
750,12,7,0,206,10,24,0.00132000004,0.00084400002
751,13,7,0,223,10,29,0.00132000004,0.00077099999
752,14,7,0,241,10,35,0.001269,0.00073000003
753,15,7,0,260,10,40,0.00122199999,0.00067500002
754,16,7,0,280,10,46,0.00117900001,0.00064300001
755,17,7,0,301,10,51,0.00117900001,0.00061400002
756,18,7,0,323,10,57,0.00113800005,0.00057400001
757,19,7,0,346,10,62,0.00113800005,0.000551
758,20,7,0,370,10,68,0.00106499996,0.00051899999
759,21,7,0,395,10,73,0.00106499996,0.00050000002
760,22,7,0,421,10,79,0.00103100005,0.000482
761,23,7,0,448,10,84,0.00103100005,0.00045799999
762,24,7,0,476,10,90,0.00100000005,0.000443
763,25,7,0,505,10,95,0.000971,0.00042200001
764,26,7,0,535,10,101,0.00094300002,0.000409
765,27,7,0,566,10,106,0.00094300002,0.000397
766,28,7,0,598,10,112,0.000917,0.00038000001
767,29,7,0,631,10,117,0.000917,0.00036999999
768,30,7,0,665,10,123,0.00086799997,0.000355
769,31,7,0,699,10,128,0.00086799997,0.00034200001
770,32,7,0,733,10,134,0.00084599998,0.000333
771,33,7,0,767,10,139,0.000825,0.000321
772,34,7,0,786,10,145,0.000825,0.000314
773,35,7,0,820,10,150,0.00078599999,0.00030300001
774,36,7,0,854,10,156,0.00076700002,0.00029299999
775,37,7,0,888,10,161,0.00076700002,0.000287
776,38,7,0,922,10,167,0.00075000001,0.00027799999
777,39,7,0,941,10,172,0.00075000001,0.00027300001
778,40,7,0,975,10,178,0.00071699999,0.00026199999
779,41,7,0,1009,10,183,0.00070199999,0.00025700001
780,42,7,0,1028,10,188,0.00070199999,0.000252
781,43,7,0,1062,10,194,0.000688,0.000245
782,44,7,0,1096,10,199,0.000673,0.000239
783,45,7,0,1115,10,205,0.00066000002,0.000233
784,46,7,0,1149,10,210,0.00064699998,0.000227
785,47,7,0,1183,10,216,0.000635,0.000223
786,48,7,0,1202,10,221,0.00062300003,0.000218
787,49,7,0,1236,10,227,0.00062300003,0.00021300001
788,50,7,0,1255,10,232,0.00060000003,0.000208
789,51,7,0,1289,10,238,0.000589,0.000203
790,52,7,0,1323,10,243,0.00057899999,0.00019999999
791,53,7,0,1342,10,249,0.00057899999,0.00019399999
792,54,7,0,1376,10,254,0.00056900003,0.000191
793,55,7,0,1395,10,260,0.00055,0.000186
794,56,7,0,1414,10,265,0.00054099999,0.000184
795,57,7,0,1448,10,271,0.00053199998,0.00018
796,58,7,0,1467,10,276,0.00053199998,0.00017499999
797,59,7,0,1501,10,282,0.00052399997,0.00017299999
798,60,7,0,1520,10,287,0.00050800003,0.00016900001
799,61,7,0,1539,10,293,0.00050000002,0.000166
800,62,7,0,1573,10,298,0.00049300003,0.000164
801,63,7,0,1592,10,304,0.000485,0.00016
802,64,7,0,1611,10,309,0.000485,0.000157
803,65,7,0,1630,10,315,0.00047100001,0.000153
804,66,7,0,1664,10,320,0.00046499999,0.00015199999
805,67,7,0,1683,10,326,0.00045799999,0.000149
806,68,7,0,1702,10,331,0.00045200001,0.00014600001
807,69,7,0,1721,10,337,0.00044599999,0.00014400001
808,70,7,0,1740,10,342,0.00043399999,0.000141
809,71,7,0,1774,10,365,0.00042900001,0.000138
810,72,7,0,1793,10,388,0.00042299999,0.000136
811,73,7,0,1812,10,411,0.00041800001,0.000134
812,74,7,0,1831,10,434,0.000413,0.000132
813,75,7,0,1850,10,457,0.00040200001,0.00012899999
814,76,7,0,1869,10,480,0.000398,0.00012700001
815,77,7,0,1888,10,503,0.00039299999,0.000126
816,78,7,0,1907,10,526,0.00038799999,0.00012300001
817,79,7,0,1926,10,549,0.00038400001,0.000122
818,80,7,0,1930,10,571,0.000375,0.000119
819,81,7,0,1949,10,571,0.000371,0.000118
820,82,7,0,1968,10,571,0.000363,0.000116
821,83,7,0,1987,10,571,0.000359,0.000114
822,84,7,0,2006,10,571,0.000355,0.000113
823,85,7,0,2010,10,571,0.00034699999,0.000111
824,86,7,0,2029,10,571,0.000344,0.000109
825,87,7,0,2048,10,571,0.00034,0.000108
826,88,7,0,2052,10,571,0.000333,0.000106
827,89,7,0,2071,10,571,0.00033000001,0.000104
828,90,7,0,2090,10,571,0.00032399999,0.000103
829,91,7,0,2094,10,571,0.00031999999,0.000101
830,92,7,0,2113,10,571,0.000314,0.0001
831,93,7,0,2117,10,571,0.00031100001,9.8E-5
832,94,7,0,2136,10,571,0.00030799999,9.7E-5
833,95,7,0,2140,10,571,0.00030000001,9.5E-5
834,96,7,0,2159,10,571,0.00029699999,9.4E-5
835,97,7,0,2163,10,571,0.00029500001,9.3E-5
836,98,7,0,2167,10,571,0.00028899999,9.2E-5
837,99,7,0,2171,10,571,0.000287,9.0E-5
838,100,7,0,2190,10,571,0.00028199999,8.9E-5
839,101,7,0,2500000,10,571,0.00028199999,8.9E-5
840,102,7,0,2500000,10,571,0.00028199999,8.9E-5
841,103,7,0,2500000,10,571,0.00028199999,8.9E-5
842,104,7,0,2500000,10,571,0.00028199999,8.9E-5
843,105,7,0,2500000,10,571,0.00028199999,8.9E-5
844,106,7,0,2500000,10,571,0.00028199999,8.9E-5
845,107,7,0,2500000,10,571,0.00028199999,8.9E-5
846,108,7,0,2500000,10,571,0.00028199999,8.9E-5
847,109,7,0,2500000,10,571,0.00028199999,8.9E-5
848,110,7,0,2500000,10,571,0.00028199999,8.9E-5
849,111,7,0,2500000,10,571,0.00028199999,8.9E-5
850,112,7,0,2500000,10,571,0.00028199999,8.9E-5
851,113,7,0,2500000,10,571,0.00028199999,8.9E-5
852,114,7,0,2500000,10,571,0.00028199999,8.9E-5
853,115,7,0,2500000,10,571,0.00028199999,8.9E-5
854,116,7,0,2500000,10,571,0.00028199999,8.9E-5
855,117,7,0,2500000,10,571,0.00028199999,8.9E-5
856,118,7,0,2500000,10,571,0.00028199999,8.9E-5
857,119,7,0,2500000,10,571,0.00028199999,8.9E-5
858,120,7,0,2500000,10,571,0.00028199999,8.9E-5
859,121,7,0,2500000,10,571,0.00028199999,8.9E-5
860,122,7,0,2500000,10,571,0.00028199999,8.9E-5
861,123,7,0,2500000,10,571,0.00028199999,8.9E-5
862,1,8,0,100,10,1,0.00089999998,0.00191999995
863,2,8,0,110,10,2,0.00089999998,0.00184599997
864,3,8,0,121,10,3,0.00089999998,0.00177800003
865,4,8,0,118,10,4,0.00085700001,0.00165500003
866,5,8,0,131,10,5,0.00085700001,0.00159999996
867,6,8,0,145,10,6,0.00085700001,0.00154800003
868,7,8,0,160,10,7,0.00085700001,0.00150000001
869,8,8,0,161,10,9,0.00085700001,0.00145500002
870,9,8,0,178,10,11,0.00085700001,0.00137099996
871,10,8,0,196,10,13,0.000818,0.00133300002
872,11,8,0,215,10,18,0.000818,0.00123099994
873,12,8,0,220,10,24,0.000818,0.00109100004
874,13,8,0,241,10,29,0.000818,0.00102099997
875,14,8,0,263,10,35,0.000818,0.00085700001
876,15,8,0,271,10,40,0.00078300002,0.000787
877,16,8,0,295,10,46,0.00078300002,0.00075000001
878,17,8,0,305,10,51,0.00078300002,0.00070600002
879,18,8,0,331,10,57,0.00078300002,0.00066700001
880,19,8,0,343,10,62,0.00078300002,0.00063199998
881,20,8,0,371,10,68,0.00075000001,0.00059299998
882,21,8,0,385,10,73,0.00075000001,0.00057099998
883,22,8,0,415,10,79,0.00075000001,0.00053899997
884,23,8,0,431,10,84,0.00075000001,0.00052200002
885,24,8,0,463,10,90,0.00072000001,0.00049499999
886,25,8,0,481,10,95,0.00072000001,0.00047500001
887,26,8,0,515,10,101,0.00072000001,0.00045699999
888,27,8,0,535,10,106,0.00072000001,0.000436
889,28,8,0,556,10,112,0.00072000001,0.000397
890,29,8,0,592,10,117,0.00069199997,0.00038099999
891,30,8,0,613,10,123,0.00069199997,0.00036599999
892,31,8,0,634,10,128,0.00069199997,0.00035799999
893,32,8,0,670,10,134,0.00069199997,0.00034500001
894,33,8,0,691,10,139,0.00066700001,0.000336
895,34,8,0,712,10,145,0.00066700001,0.00032699999
896,35,8,0,733,10,150,0.00066700001,0.00031599999
897,36,8,0,754,10,156,0.00064300001,0.00030799999
898,37,8,0,790,10,161,0.00064300001,0.000298
899,38,8,0,811,10,167,0.00064300001,0.000291
900,39,8,0,832,10,172,0.00064300001,0.00028199999
901,40,8,0,853,10,178,0.00062100001,0.00027600001
902,41,8,0,874,10,183,0.00062100001,0.00026999999
903,42,8,0,895,10,188,0.00062100001,0.00025300001
904,43,8,0,916,10,194,0.00062100001,0.00024699999
905,44,8,0,937,10,199,0.00060000003,0.000241
906,45,8,0,958,10,205,0.00060000003,0.000235
907,46,8,0,979,10,210,0.00060000003,0.000231
908,47,8,0,1000,10,216,0.000581,0.000225
909,48,8,0,1021,10,221,0.000581,0.00022
910,49,8,0,1042,10,227,0.000581,0.00021499999
911,50,8,0,1048,10,232,0.00056299998,0.00021100001
912,51,8,0,1069,10,238,0.00056299998,0.000207
913,52,8,0,1090,10,243,0.00056299998,0.000203
914,53,8,0,1111,10,249,0.00054500002,0.000199
915,54,8,0,1117,10,254,0.00054500002,0.00019399999
916,55,8,0,1138,10,260,0.00054500002,0.00019000001
917,56,8,0,1159,10,265,0.00052900001,0.000181
918,57,8,0,1165,10,271,0.00052900001,0.00017699999
919,58,8,0,1186,10,276,0.00052900001,0.00017499999
920,59,8,0,1192,10,282,0.00051400001,0.00017100001
921,60,8,0,1213,10,287,0.00051400001,0.000168
922,61,8,0,1219,10,293,0.00051400001,0.000166
923,62,8,0,1240,10,298,0.00050000002,0.000162
924,63,8,0,1246,10,304,0.00050000002,0.000159
925,64,8,0,1267,10,309,0.00050000002,0.000157
926,65,8,0,1273,10,315,0.000486,0.00015399999
927,66,8,0,1279,10,320,0.000486,0.00015199999
928,67,8,0,1300,10,326,0.000474,0.000149
929,68,8,0,1306,10,331,0.000474,0.000147
930,69,8,0,1312,10,337,0.000474,0.00014400001
931,70,8,0,1318,10,342,0.000462,0.000142
932,71,8,0,1339,10,365,0.000462,0.00014
933,72,8,0,1345,10,388,0.00044999999,0.000138
934,73,8,0,1351,10,411,0.00044999999,0.000136
935,74,8,0,1357,10,434,0.000439,0.00013299999
936,75,8,0,1363,10,457,0.000439,0.00013099999
937,76,8,0,1369,10,480,0.000439,0.00012899999
938,77,8,0,1375,10,503,0.00042900001,0.00012700001
939,78,8,0,1366,10,526,0.00042900001,0.000126
940,79,8,0,1372,10,549,0.00041899999,0.000124
941,80,8,0,1378,10,571,0.00041899999,0.000122
942,81,8,0,1384,10,571,0.000409,0.00012
943,82,8,0,1390,10,571,0.000409,0.000118
944,83,8,0,1381,10,571,0.00039999999,0.000117
945,84,8,0,1387,10,571,0.00039999999,0.000115
946,85,8,0,1378,10,571,0.00039100001,0.000113
947,86,8,0,1384,10,571,0.00039100001,0.000112
948,87,8,0,1375,10,571,0.00038300001,0.00011
949,88,8,0,1381,10,571,0.00038300001,0.000109
950,89,8,0,1372,10,571,0.000375,0.000107
951,90,8,0,1378,10,571,0.000375,0.000105
952,91,8,0,1369,10,571,0.000367,0.000104
953,92,8,0,1360,10,571,0.000367,0.000103
954,93,8,0,1351,10,571,0.00036000001,0.000101
955,94,8,0,1357,10,571,0.00035300001,0.0001
956,95,8,0,1348,10,571,0.00035300001,9.9E-5
957,96,8,0,1339,10,571,0.00034599999,9.8E-5
958,97,8,0,1330,10,571,0.00034599999,9.6E-5
959,98,8,0,1321,10,571,0.00034,9.5E-5
960,99,8,0,1312,10,571,0.00034,9.4E-5
961,100,8,0,1288,10,571,0.000333,9.2E-5
962,101,8,0,2500000,10,571,0.000333,9.2E-5
963,102,8,0,2500000,10,571,0.000333,9.2E-5
964,103,8,0,2500000,10,571,0.000333,9.2E-5
965,104,8,0,2500000,10,571,0.000333,9.2E-5
966,105,8,0,2500000,10,571,0.000333,9.2E-5
967,106,8,0,2500000,10,571,0.000333,9.2E-5
968,107,8,0,2500000,10,571,0.000333,9.2E-5
969,108,8,0,2500000,10,571,0.000333,9.2E-5
970,109,8,0,2500000,10,571,0.000333,9.2E-5
971,110,8,0,2500000,10,571,0.000333,9.2E-5
972,111,8,0,2500000,10,571,0.000333,9.2E-5
973,112,8,0,2500000,10,571,0.000333,9.2E-5
974,113,8,0,2500000,10,571,0.000333,9.2E-5
975,114,8,0,2500000,10,571,0.000333,9.2E-5
976,115,8,0,2500000,10,571,0.000333,9.2E-5
977,116,8,0,2500000,10,571,0.000333,9.2E-5
978,117,8,0,2500000,10,571,0.000333,9.2E-5
979,118,8,0,2500000,10,571,0.000333,9.2E-5
980,119,8,0,2500000,10,571,0.000333,9.2E-5
981,120,8,0,2500000,10,571,0.000333,9.2E-5
982,121,8,0,2500000,10,571,0.000333,9.2E-5
983,122,8,0,2500000,10,571,0.000333,9.2E-5
984,123,8,0,2500000,10,571,0.000333,9.2E-5
985,1,9,0,90,10,1,0.00150000001,0.00150000001
986,2,9,0,98,10,2,0.00150000001,0.00143499998
987,3,9,0,107,10,3,0.00142900005,0.00137499999
988,4,9,0,117,10,4,0.00142900005,0.00132000004
989,5,9,0,128,10,5,0.00142900005,0.001269
990,6,9,0,140,10,6,0.00136400003,0.00122199999
991,7,9,0,153,10,7,0.00136400003,0.00117900001
992,8,9,0,167,10,9,0.00136400003,0.00113800005
993,9,9,0,182,10,11,0.00130400003,0.00109999999
994,10,9,0,198,10,13,0.00130400003,0.00106499996
995,11,9,0,200,10,18,0.00124999997,0.000971
996,12,9,0,218,10,24,0.00124999997,0.00089199998
997,13,9,0,237,10,29,0.00124999997,0.000825
998,14,9,0,257,10,35,0.00120000006,0.00076700002
999,15,9,0,278,10,40,0.00115400006,0.00071699999
1000,16,9,0,300,10,46,0.00111099996,0.000688
1001,17,9,0,308,10,51,0.00111099996,0.000635
1002,18,9,0,332,10,57,0.00111099996,0.00060000003
1003,19,9,0,357,10,62,0.00107100001,0.00056900003
1004,20,9,0,383,10,68,0.00103399996,0.00054099999
1005,21,9,0,395,10,73,0.00100000005,0.00051599997
1006,22,9,0,423,10,79,0.00100000005,0.00049300003
1007,23,9,0,452,10,84,0.00096799998,0.00047100001
1008,24,9,0,467,10,90,0.00096799998,0.00044599999
1009,25,9,0,498,10,95,0.00090899999,0.00042900001
1010,26,9,0,530,10,101,0.00090899999,0.00041800001
1011,27,9,0,548,10,106,0.00090899999,0.000398
1012,28,9,0,582,10,112,0.00088200002,0.00038400001
1013,29,9,0,602,10,117,0.00088200002,0.000367
1014,30,9,0,638,10,123,0.000833,0.000355
1015,31,9,0,674,10,128,0.000833,0.00034699999
1016,32,9,0,695,10,134,0.00081100001,0.000333
1017,33,9,0,731,10,139,0.00081100001,0.00032399999
1018,34,9,0,752,10,145,0.00078900001,0.00031100001
1019,35,9,0,788,10,150,0.00076899998,0.00030300001
1020,36,9,0,809,10,156,0.00075000001,0.00029500001
1021,37,9,0,830,10,161,0.00073199999,0.00028400001
1022,38,9,0,866,10,167,0.00073199999,0.00027700001
1023,39,9,0,887,10,172,0.00071400002,0.000268
1024,40,9,0,923,10,178,0.00069800002,0.00026199999
1025,41,9,0,944,10,183,0.00068200001,0.000256
1026,42,9,0,965,10,188,0.00068200001,0.000248
1027,43,9,0,1001,10,194,0.00066700001,0.000243
1028,44,9,0,1022,10,199,0.00066700001,0.00023600001
1029,45,9,0,1043,10,205,0.00063800003,0.000229
1030,46,9,0,1064,10,210,0.00062499999,0.000224
1031,47,9,0,1100,10,216,0.00062499999,0.00022
1032,48,9,0,1121,10,221,0.000612,0.000214
1033,49,9,0,1142,10,227,0.00060000003,0.00020900001
1034,50,9,0,1163,10,232,0.000588,0.000204
1035,51,9,0,1184,10,238,0.00057700003,0.00019999999
1036,52,9,0,1205,10,243,0.00057700003,0.000195
1037,53,9,0,1226,10,249,0.000566,0.000191
1038,54,9,0,1247,10,254,0.00055599998,0.000186
1039,55,9,0,1268,10,260,0.00054500002,0.000182
1040,56,9,0,1289,10,265,0.00053600001,0.000179
1041,57,9,0,1310,10,271,0.00052599999,0.000176
1042,58,9,0,1331,10,276,0.00051699998,0.000172
1043,59,9,0,1352,10,282,0.00051699998,0.000168
1044,60,9,0,1373,10,287,0.00050000002,0.000165
1045,61,9,0,1394,10,293,0.00049200002,0.000163
1046,62,9,0,1415,10,298,0.00049200002,0.000159
1047,63,9,0,1421,10,304,0.00048399999,0.00015599999
1048,64,9,0,1442,10,309,0.00047599999,0.000153
1049,65,9,0,1463,10,315,0.000462,0.00015000001
1050,66,9,0,1484,10,320,0.000455,0.00014800001
1051,67,9,0,1490,10,326,0.000455,0.000145
1052,68,9,0,1511,10,331,0.00044800001,0.000142
1053,69,9,0,1532,10,337,0.00044100001,0.00014
1054,70,9,0,1538,10,342,0.00042900001,0.000137
1055,71,9,0,1559,10,365,0.00042299999,0.00013499999
1056,72,9,0,1565,10,388,0.00042299999,0.00013299999
1057,73,9,0,1586,10,411,0.000417,0.00013
1058,74,9,0,1592,10,434,0.00041099999,0.000128
1059,75,9,0,1613,10,457,0.00039999999,0.000126
1060,76,9,0,1619,10,480,0.00039500001,0.000124
1061,77,9,0,1625,10,503,0.00039,0.000122
1062,78,9,0,1646,10,526,0.00038499999,0.00012
1063,79,9,0,1652,10,549,0.00038000001,0.000118
1064,80,9,0,1658,10,571,0.00036999999,0.000116
1065,81,9,0,1679,10,571,0.00036599999,0.000115
1066,82,9,0,1685,10,571,0.00036599999,0.000113
1067,83,9,0,1691,10,571,0.00036100001,0.000111
1068,84,9,0,1697,10,571,0.00035700001,0.000109
1069,85,9,0,1703,10,571,0.00034900001,0.000107
1070,86,9,0,1709,10,571,0.00034500001,0.000106
1071,87,9,0,1715,10,571,0.00034100001,0.000104
1072,88,9,0,1721,10,571,0.000333,0.000102
1073,89,9,0,1727,10,571,0.00033000001,0.000101
1074,90,9,0,1733,10,571,0.00032299999,9.9E-5
1075,91,9,0,1739,10,571,0.00031900001,9.8E-5
1076,92,9,0,1745,10,571,0.00031599999,9.7E-5
1077,93,9,0,1736,10,571,0.000313,9.5E-5
1078,94,9,0,1742,10,571,0.000309,9.4E-5
1079,95,9,0,1748,10,571,0.00030300001,9.2E-5
1080,96,9,0,1739,10,571,0.00030000001,9.1E-5
1081,97,9,0,1745,10,571,0.00029699999,9.0E-5
1082,98,9,0,1736,10,571,0.000291,8.8E-5
1083,99,9,0,1742,10,571,0.00028800001,8.7E-5
1084,100,9,0,1733,10,571,0.000283,8.6E-5
1085,101,9,0,2500000,10,571,0.000283,8.6E-5
1086,102,9,0,2500000,10,571,0.000283,8.6E-5
1087,103,9,0,2500000,10,571,0.000283,8.6E-5
1088,104,9,0,2500000,10,571,0.000283,8.6E-5
1089,105,9,0,2500000,10,571,0.000283,8.6E-5
1090,106,9,0,2500000,10,571,0.000283,8.6E-5
1091,107,9,0,2500000,10,571,0.000283,8.6E-5
1092,108,9,0,2500000,10,571,0.000283,8.6E-5
1093,109,9,0,2500000,10,571,0.000283,8.6E-5
1094,110,9,0,2500000,10,571,0.000283,8.6E-5
1095,111,9,0,2500000,10,571,0.000283,8.6E-5
1096,112,9,0,2500000,10,571,0.000283,8.6E-5
1097,113,9,0,2500000,10,571,0.000283,8.6E-5
1098,114,9,0,2500000,10,571,0.000283,8.6E-5
1099,115,9,0,2500000,10,571,0.000283,8.6E-5
1100,116,9,0,2500000,10,571,0.000283,8.6E-5
1101,117,9,0,2500000,10,571,0.000283,8.6E-5
1102,118,9,0,2500000,10,571,0.000283,8.6E-5
1103,119,9,0,2500000,10,571,0.000283,8.6E-5
1104,120,9,0,2500000,10,571,0.000283,8.6E-5
1105,121,9,0,2500000,10,571,0.000283,8.6E-5
1106,122,9,0,2500000,10,571,0.000283,8.6E-5
1107,123,9,0,2500000,10,571,0.000283,8.6E-5
1231,1,11,0,50,10,1,0.00205000001,0.00145500002
1232,2,11,0,57,10,2,0.00205000001,0.001391
1233,3,11,0,65,10,3,0.00195199996,0.00133300002
1234,4,11,0,74,10,4,0.00195199996,0.00127999997
1235,5,11,0,84,10,5,0.00186399999,0.00123099994
1236,6,11,0,95,10,6,0.00186399999,0.00118499994
1237,7,11,0,107,10,7,0.00178299996,0.00114299997
1238,8,11,0,120,10,9,0.00178299996,0.00114299997
1239,9,11,0,134,10,11,0.00170799997,0.00110300002
1240,10,11,0,149,10,13,0.00157700002,0.00100000005
1241,11,11,0,165,10,18,0.00151900004,0.00094100001
1242,12,11,0,182,10,24,0.00151900004,0.00086500001
1243,13,11,0,200,10,29,0.00146399997,0.00082100002
1244,14,11,0,219,10,35,0.00146399997,0.00076199998
1245,15,11,0,239,10,40,0.00136700005,0.000696
1246,16,11,0,260,10,46,0.00136700005,0.00066700001
1247,17,11,0,282,10,51,0.00132299995,0.000627
1248,18,11,0,305,10,57,0.00128099998,0.000604
1249,19,11,0,329,10,62,0.00128099998,0.00057099998
1250,20,11,0,354,10,68,0.00113900006,0.00052499998
1251,21,11,0,380,10,73,0.00113900006,0.00050800003
1252,22,11,0,392,10,79,0.00110800005,0.000485
1253,23,11,0,420,10,84,0.00107899995,0.00047100001
1254,24,11,0,449,10,90,0.00107899995,0.000444
1255,25,11,0,479,10,95,0.00102500001,0.00042699999
1256,26,11,0,509,10,101,0.00102500001,0.000416
1257,27,11,0,524,10,106,0.00100000005,0.00039999999
1258,28,11,0,554,10,112,0.00097599998,0.00039
1259,29,11,0,584,10,117,0.00097599998,0.00037200001
1260,30,11,0,614,10,123,0.00089099997,0.000352
1261,31,11,0,629,10,128,0.000872,0.000344
1262,32,11,0,659,10,134,0.000872,0.00033000001
1263,33,11,0,689,10,139,0.00085399998,0.00032299999
1264,34,11,0,704,10,145,0.00083700003,0.000314
1265,35,11,0,734,10,150,0.00082000002,0.000302
1266,36,11,0,749,10,156,0.00080400001,0.00029600001
1267,37,11,0,779,10,161,0.000788,0.00028800001
1268,38,11,0,809,10,167,0.000788,0.00028099999
1269,39,11,0,824,10,172,0.00077400001,0.00027399999
1270,40,11,0,854,10,178,0.000719,0.00026
1271,41,11,0,869,10,183,0.00070700003,0.000256
1272,42,11,0,899,10,188,0.00070700003,0.000248
1273,43,11,0,914,10,194,0.000695,0.000244
1274,44,11,0,944,10,199,0.00068300002,0.000237
1275,45,11,0,959,10,205,0.00066100003,0.00023200001
1276,46,11,0,989,10,210,0.00065100001,0.000227
1277,47,11,0,1004,10,216,0.00065100001,0.000222
1278,48,11,0,1019,10,221,0.00064099999,0.000218
1279,49,11,0,1049,10,227,0.00063099997,0.000212
1280,50,11,0,1064,10,232,0.00059399998,0.000205
1281,51,11,0,1079,10,238,0.00058599998,0.000201
1282,52,11,0,1109,10,243,0.00057700003,0.00019599999
1283,53,11,0,1124,10,249,0.00056900003,0.00019399999
1284,54,11,0,1139,10,254,0.00056900003,0.000189
1285,55,11,0,1154,10,260,0.00055400003,0.000185
1286,56,11,0,1169,10,265,0.00054699997,0.000182
1287,57,11,0,1199,10,271,0.00053899997,0.000179
1288,58,11,0,1214,10,276,0.00053199998,0.000176
1289,59,11,0,1229,10,282,0.00052599999,0.000172
1290,60,11,0,1244,10,287,0.00050000002,0.00016700001
1291,61,11,0,1259,10,293,0.00049399998,0.000164
1292,62,11,0,1274,10,298,0.00048799999,0.000161
1293,63,11,0,1289,10,304,0.000482,0.000158
1294,64,11,0,1304,10,309,0.00047699999,0.000155
1295,65,11,0,1319,10,315,0.000466,0.00015199999
1296,66,11,0,1334,10,320,0.00046099999,0.00015000001
1297,67,11,0,1349,10,326,0.00045600001,0.000147
1298,68,11,0,1364,10,331,0.000451,0.000145
1299,69,11,0,1379,10,337,0.00044599999,0.000143
1300,70,11,0,1394,10,342,0.000436,0.00014
1301,71,11,0,1394,10,365,0.000432,0.000139
1302,72,11,0,1409,10,388,0.00042299999,0.000136
1303,73,11,0,1424,10,411,0.00041800001,0.000134
1304,74,11,0,1439,10,434,0.00041400001,0.000132
1305,75,11,0,1439,10,457,0.00040600001,0.00013
1306,76,11,0,1454,10,480,0.00040200001,0.00012700001
1307,77,11,0,1469,10,503,0.000398,0.00012500001
1308,78,11,0,1469,10,526,0.00039,0.000124
1309,79,11,0,1484,10,549,0.00038700001,0.000122
1310,80,11,0,1484,10,571,0.00038000001,0.00012
1311,81,11,0,1499,10,571,0.00037600001,0.000118
1312,82,11,0,1499,10,571,0.00036899999,0.000116
1313,83,11,0,1514,10,571,0.00036599999,0.000115
1314,84,11,0,1514,10,571,0.000363,0.000113
1315,85,11,0,1529,10,571,0.00035300001,0.000111
1316,86,11,0,1529,10,571,0.00034999999,0.00011
1317,87,11,0,1529,10,571,0.00034699999,0.000108
1318,88,11,0,1529,10,571,0.00034200001,0.000107
1319,89,11,0,1544,10,571,0.00033899999,0.000105
1320,90,11,0,1544,10,571,0.000333,0.000104
1321,91,11,0,1544,10,571,0.00032799999,0.000102
1322,92,11,0,1544,10,571,0.000325,0.000101
1323,93,11,0,1544,10,571,0.00031999999,9.9E-5
1324,94,11,0,1544,10,571,0.00031800001,9.8E-5
1325,95,11,0,1544,10,571,0.00031100001,9.6E-5
1326,96,11,0,1544,10,571,0.00030799999,9.5E-5
1327,97,11,0,1544,10,571,0.00030399999,9.4E-5
1328,98,11,0,1544,10,571,0.00029900001,9.3E-5
1329,99,11,0,1544,10,571,0.00029699999,9.1E-5
1330,100,11,0,1544,10,571,0.000291,9.0E-5
1331,101,11,0,2500000,10,571,0.000291,9.0E-5
1332,102,11,0,2500000,10,571,0.000291,9.0E-5
1333,103,11,0,2500000,10,571,0.000291,9.0E-5
1334,104,11,0,2500000,10,571,0.000291,9.0E-5
1335,105,11,0,2500000,10,571,0.000291,9.0E-5
1336,106,11,0,2500000,10,571,0.000291,9.0E-5
1337,107,11,0,2500000,10,571,0.000291,9.0E-5
1338,108,11,0,2500000,10,571,0.000291,9.0E-5
1339,109,11,0,2500000,10,571,0.000291,9.0E-5
1340,110,11,0,2500000,10,571,0.000291,9.0E-5
1341,111,11,0,2500000,10,571,0.000291,9.0E-5
1342,112,11,0,2500000,10,571,0.000291,9.0E-5
1343,113,11,0,2500000,10,571,0.000291,9.0E-5
1344,114,11,0,2500000,10,571,0.000291,9.0E-5
1345,115,11,0,2500000,10,571,0.000291,9.0E-5
1346,116,11,0,2500000,10,571,0.000291,9.0E-5
1347,117,11,0,2500000,10,571,0.000291,9.0E-5
1348,118,11,0,2500000,10,571,0.000291,9.0E-5
1349,119,11,0,2500000,10,571,0.000291,9.0E-5
1350,120,11,0,2500000,10,571,0.000291,9.0E-5
1351,121,11,0,2500000,10,571,0.000291,9.0E-5
1352,122,11,0,2500000,10,571,0.000291,9.0E-5
1353,123,11,0,2500000,10,571,0.000291,9.0E-5
